phrase,template_type
for informational purposes only,disclaimer
does not constitute investment advice,disclaimer
does not constitute an offer to sell,disclaimer
does not constitute a solicitation,disclaimer
should not be construed as investment advice,disclaimer
should not be construed as an offer,disclaimer
opinions expressed herein are,disclaimer
opinions expressed in this,disclaimer
the information contained herein,disclaimer
the information contained in this,disclaimer
without obligation to notify,disclaimer
no obligation to update,disclaimer
past performance is not indicative of future results,disclaimer
past performance is not a guarantee of future results,disclaimer
no representation or warranty,disclaimer
express or implied is made,disclaimer
accuracy or completeness of the information,disclaimer
this report is not intended,disclaimer
this document does not constitute,disclaimer
before making any investment decision,disclaimer
consult your own financial advisor,disclaimer
consult a financial advisor,disclaimer
nothing contained herein shall constitute,disclaimer
forward looking statements,disclaimer
forward looking statement,disclaimer
these forward looking statements are subject to risks,disclaimer
these forward looking statements involve known and unknown risks,disclaimer
actual results may differ materially,disclaimer
actual results could differ materially,disclaimer
undertake no obligation to update,disclaimer
safe harbor,disclaimer
risks and uncertainties,disclaimer
subject to risks uncertainties and assumptions,disclaimer
moody s investors service,rating
s p global ratings,rating
fitch ratings,rating
standard poor s,rating
credit rating agency,rating
rating action,rating
rating outlook,rating
not guarantees of future performance,rating
the ratings are not a recommendation,rating
credit ratings are not recommendations,rating
all rights reserved,copyright
reproduction in whole or in part without permission,copyright
copyright reuters,copyright
copyright thomson reuters,copyright
copyright the associated press,copyright
copyright business wire,copyright
copyright pr newswire,copyright
distributed by public,copyright
terms of use and privacy policy,website
click here to,website
to view this article,website
subscribe to continue reading,website
sign up for our newsletter,website
cookies to improve your experience,website
by using this website you agree,website
we use cookies,website
